,name,company,year,Price,kms_driven,fuel_type
0,Hyundai Santro Xing,Hyundai,2007,"80,000",45000,Petrol
1,Mahindra Jeep CL550,Mahindra,2006,"4,25,000",40,Diesel
2,Hyundai Grand i10,Hyundai,2014,"3,25,000",28000,Petrol
3,Ford EcoSport Titanium,Ford,2014,"5,75,000",36000,Diesel
4,Ford Figo,Ford,2012,"1,75,000",41000,Diesel
5,Hyundai Eon,Hyundai,2013,"1,90,000",25000,Petrol
6,Ford EcoSport Ambiente,Ford,2016,"8,30,000",24530,Diesel
7,Maruti Suzuki Alto,Maruti,2015,"2,50,000",60000,Petrol
8,Skoda Fabia Classic,Skoda,2010,"1,82,000",60000,Petrol
9,Maruti Suzuki Stingray,Maruti,2015,"3,15,000",30000,Petrol
10,Hyundai Elite i20,Hyundai,2014,"4,15,000",32000,Petrol
11,Mahindra Scorpio SLE,Mahindra,2015,"3,20,000",48660,Diesel
12,Hyundai Santro Xing,Hyundai,2007,"80,000",45000,Petrol
13,Mahindra Jeep CL550,Mahindra,2006,"4,25,000",40,Diesel
14,Audi A8,Audi,2017,"10,00,000",4000,Petrol
15,Audi Q7,Audi,2014,"5,00,000",16934,Diesel
16,Mahindra Scorpio S10,Mahindra,2016,"3,50,000",43000,Diesel
17,Maruti Suzuki Alto,Maruti,2014,"1,60,000",35550,Petrol
18,Mahindra Scorpio S10,Mahindra,2016,"3,50,000",43000,Diesel
19,Mahindra Scorpio S10,Mahindra,2016,"3,10,000",39522,Diesel
20,Maruti Suzuki Alto,Maruti,2015,"75,000",39000,Petrol
21,Hyundai i20 Sportz,Hyundai,2012,"1,00,000",55000,Petrol
22,Hyundai i20 Sportz,Hyundai,2012,"1,00,000",55000,Petrol
23,Hyundai i20 Sportz,Hyundai,2012,"1,00,000",55000,Petrol
24,Maruti Suzuki Alto,Maruti,2017,"1,90,000",72000,Petrol
25,Maruti Suzuki Vitara,Maruti,2016,"2,90,000",15975,Diesel
26,Maruti Suzuki Alto,Maruti,2008,"95,000",70000,Petrol
27,Mahindra Bolero DI,Mahindra,2017,"1,80,000",23452,Diesel
28,Maruti Suzuki Swift,Maruti,2014,"3,85,000",35522,Diesel
29,Mahindra Scorpio S10,Mahindra,2015,"2,50,000",48508,Diesel
30,Maruti Suzuki Swift,Maruti,2017,"1,80,000",15487,Petrol
31,Maruti Suzuki Wagon,Maruti,2013,"1,05,000",39000,Petrol
32,Maruti Suzuki Wagon,Maruti,2013,"1,05,000",39000,Petrol
33,Toyota Innova 2.0,Toyota,2012,"6,50,000",82000,Diesel
34,Renault Lodgy 85,Renault,2018,"6,89,999",20000,Diesel
35,Skoda Yeti Ambition,Skoda,2012,"4,48,000",68000,Diesel
36,Maruti Suzuki Baleno,Maruti,2017,"5,49,000",32000,Diesel
37,Renault Duster 110,Renault,2012,"5,01,000",38000,Diesel
38,Renault Duster 85,Renault,2013,"4,89,999",27000,Diesel
39,Honda City 1.5,Honda,2011,"2,80,000",33000,Petrol
40,Maruti Suzuki Alto,Maruti,2015,"2,50,000",60000,Petrol
41,Maruti Suzuki Dzire,Maruti,2013,"3,49,999",46000,Diesel
42,Honda Amaze,Honda,2013,"2,84,999",46000,Diesel
43,Honda Amaze 1.5,Honda,2015,"3,45,000",36000,Diesel
44,Honda City,Honda,2015,"4,99,999",55000,Petrol
45,Datsun Redi GO,Datsun,2017,"2,35,000",16000,Petrol
46,Maruti Suzuki SX4,Maruti,2010,"2,49,999",36000,Petrol
47,Mitsubishi Pajero Sport,Mitsubishi,2015,"14,75,000",47000,Diesel
48,Mahindra Bolero DI,Mahindra,2017,"1,80,000",23452,Diesel
49,Maruti Suzuki Swift,Maruti,2014,"3,85,000",35522,Diesel
50,Mahindra Scorpio S10,Mahindra,2015,"2,50,000",48508,Diesel
51,Maruti Suzuki Swift,Maruti,2017,"1,80,000",15487,Petrol
52,Maruti Suzuki Wagon,Maruti,2013,"1,05,000",39000,Petrol
53,Maruti Suzuki Wagon,Maruti,2013,"1,05,000",39000,Petrol
54,Mahindra Scorpio S10,Mahindra,2015,"3,95,000",35000,Diesel
55,Maruti Suzuki Swift,Maruti,2017,"2,20,000",30874,Petrol
56,Honda City ZX,Honda,2017,"1,70,000",15000,Diesel
57,Maruti Suzuki Wagon,Maruti,2013,"85,000",29685,Petrol
58,Ford Figo,Ford,2012,"1,75,000",41000,Diesel
59,Hyundai Eon,Hyundai,2013,"1,90,000",25000,Petrol
60,Tata Indigo eCS,Tata,2017,"2,00,000",130000,Diesel
61,Ford EcoSport Ambiente,Ford,2016,"8,30,000",24530,Diesel
62,Tata Indigo eCS,Tata,2017,"2,00,000",130000,Diesel
63,Mahindra Scorpio SLE,Mahindra,2012,"5,70,000",19000,Diesel
64,Volkswagen Polo Highline,Volkswagen,2014,"3,15,000",60000,Petrol
65,Skoda Fabia Classic,Skoda,2010,"1,82,000",60000,Petrol
66,Maruti Suzuki Stingray,Maruti,2015,"3,15,000",30000,Petrol
67,Chevrolet Spark LS,Chevrolet,2010,"1,10,000",41000,Petrol
68,Renault Duster 110PS,Renault,2012,"5,01,000",35000,Diesel
69,Honda City,Honda,2015,"4,48,999",54000,Petrol
70,Mini Cooper S,Mini,2013,"18,91,111",13000,Petrol
71,Datsun Redi GO,Datsun,2017,"2,35,000",16000,Petrol
72,Skoda Fabia 1.2L,Skoda,2011,"1,59,500",38200,Diesel
73,Honda Amaze,Honda,2015,"3,44,999",22000,Petrol
74,Honda Amaze,Honda,2015,"3,44,999",22000,Petrol
75,Renault Duster,Renault,2014,"4,49,999",50000,Diesel
76,Mini Cooper S,Mini,2013,"18,91,111",13500,Petrol
77,Mahindra Scorpio S4,Mahindra,2015,"8,65,000",30000,Diesel
78,Mahindra Scorpio VLX,Mahindra,2014,"6,99,000",50000,Diesel
79,Mahindra Quanto C8,Mahindra,2013,"3,75,000",20000,Diesel
80,Ford EcoSport,Ford,2017,"4,89,999",39000,Petrol
81,Honda Brio,Honda,2012,"2,24,999",30000,Petrol
82,Volkswagen Vento Highline,Volkswagen,2019,"12,00,000",3600,Diesel
83,Hyundai i20 Magna,Hyundai,2009,"1,95,000",32000,Petrol
84,Toyota Corolla Altis,Toyota,2010,"3,51,000",38000,Diesel
85,Hyundai Verna Transform,Hyundai,2008,"1,60,000",45000,Petrol
86,Toyota Corolla Altis,Toyota,2009,"2,40,000",35000,Petrol
87,Honda City 1.5,Honda,2005,"90,000",50000,Petrol
88,Hyundai Elite i20,Hyundai,2014,"4,15,000",32000,Petrol
89,Skoda Fabia 1.2L,Skoda,2011,"1,55,000",45863,Diesel
90,BMW 3 Series,BMW,2011,"6,00,000",60500,Petrol
91,Maruti Suzuki A,Maruti,2011,"1,89,500",12500,Petrol
92,Toyota Etios GD,Toyota,2013,"3,50,000",60000,Diesel
93,Ford Figo Diesel,Ford,2012,"2,10,000",35000,Diesel
94,Maruti Suzuki Swift,Maruti,2014,"3,90,000",35000,Petrol
95,Chevrolet Beat LT,Chevrolet,2012,"1,35,000",45000,Diesel
96,BMW 7 Series,BMW,2009,"16,00,000",35000,Petrol
97,Mahindra XUV500 W8,Mahindra,2013,"7,01,000",38000,Diesel
98,Hyundai i10 Magna,Hyundai,2014,"2,65,000",18000,Petrol
99,Hyundai Verna Fluidic,Hyundai,2015,"5,25,000",35000,Diesel
100,Maruti Suzuki Swift,Maruti,2013,"3,72,000",13349,Petrol
101,Maruti Suzuki Ertiga,Maruti,2016,"6,35,000",29000,Petrol
102,Ford EcoSport Titanium,Ford,2014,"5,50,000",44000,Diesel
103,Maruti Suzuki Ertiga,Maruti,2016,"5,75,000",29000,Petrol
104,Maruti Suzuki Ertiga,Maruti,2013,"4,85,000",42000,Diesel
105,Maruti Suzuki Alto,Maruti,2012,"1,55,000",14000,Petrol
106,Hyundai Grand i10,Hyundai,2014,"3,45,000",49000,Diesel
107,Honda Amaze 1.2,Honda,2014,"3,25,000",42000,Petrol
108,Hyundai i20 Asta,Hyundai,2012,"3,29,500",36200,Diesel
109,Ford Figo Diesel,Ford,2014,"1,95,000",50000,Diesel
110,Maruti Suzuki Eeco,Maruti,2015,"2,51,111",55000,Petrol
111,Maruti Suzuki Ertiga,Maruti,2014,"5,69,999",45000,Petrol
112,Maruti Suzuki Esteem,Maruti,2007,"69,999",51000,Petrol
113,Maruti Suzuki Ritz,Maruti,2014,"2,99,999",19000,Petrol
114,Maruti Suzuki Dzire,Maruti,2009,"2,20,000",46000,Petrol
115,Maruti Suzuki Ritz,Maruti,2013,"3,99,999",33000,Diesel
116,Maruti Suzuki Swift,Maruti,2013,"3,72,000",13349,Petrol
117,Maruti Suzuki Dzire,Maruti,2015,"4,50,000",104000,Diesel
118,Toyota Etios Liva,Toyota,2014,"2,70,000",55000,Petrol
119,Hyundai i20 Sportz,Hyundai,2011,"3,50,000",33333,Diesel
120,Chevrolet Spark,Chevrolet,2012,"1,58,400",33600,Petrol
121,Maruti Suzuki Alto,Maruti,2017,"3,50,000",5600,Petrol
122,Nissan Micra XV,Nissan,2011,"1,79,000",41000,Petrol
123,Maruti Suzuki Swift,Maruti,2007,"1,25,000",70000,Petrol
124,Maruti Suzuki Alto,Maruti,2018,"2,00,000",7500,Petrol
125,Honda Amaze 1.5,Honda,2013,"2,99,000",45000,Diesel
126,Maruti Suzuki Alto,Maruti,2015,"2,20,000",38000,Petrol
127,Chevrolet Beat,Chevrolet,2015,"1,50,000",30000,Petrol
128,Toyota Corolla,Toyota,2009,"2,75,000",26000,
129,Honda City 1.5,Honda,2010,"2,85,000",35000,Petrol
130,Ford EcoSport Trend,Ford,2016,"8,30,000",24330,Diesel
131,Hyundai i20 Asta,Hyundai,2009,"2,10,000",65480,Petrol
132,Maruti Suzuki Swift,Maruti,2013,"3,40,000",41000,Petrol
133,Tata Indica V2,Tata,2006,"90,000",20000,Petrol
134,Hindustan Motors Ambassador,Hindustan,2000,"70,000",200000,Diesel
135,Toyota Corolla Altis,Toyota,2010,"2,89,999",70000,Petrol
136,Toyota Corolla Altis,Toyota,2012,"3,49,999",59000,Petrol
137,Toyota Innova 2.5,Toyota,2012,"8,49,999",99000,Diesel
138,Volkswagen Jetta Highline,Volkswagen,2014,"7,49,999",46000,Diesel
139,Volkswagen Polo Comfortline,Volkswagen,2015,"3,99,999",2800,Petrol
140,Volkswagen Polo,Volkswagen,2014,"2,74,999",32000,Petrol
141,Mahindra Scorpio,Mahindra,2015,"9,84,999",22000,Diesel
142,Renault Duster,Renault,2014,"4,49,999",50000,Diesel
143,Honda Amaze,Honda,2015,"3,44,999",22000,Petrol
144,Nissan Sunny,Nissan,2012,"2,24,999",45000,Petrol
145,Hyundai Elite i20,Hyundai,2018,"5,99,999",21000,Petrol
146,Renault Kwid,Renault,2016,"2,44,999",11000,Petrol
147,Renault Duster,Renault,2013,"3,99,999",41000,Diesel
148,Ford EcoSport,Ford,2017,"4,89,999",39000,Petrol
149,Renault Duster,Renault,2014,"4,74,999",50000,Diesel
150,Mahindra Scorpio VLX,Mahindra,2011,"4,99,999",66000,Diesel
151,Maruti Suzuki Alto,Maruti,2018,"3,10,000",3000,Petrol
152,Chevrolet Spark LT,Chevrolet,2010,"85,000",45000,Petrol
153,Datsun Redi GO,Datsun,2016,"2,45,000",7000,Petrol
154,Maruti Suzuki Swift,Maruti,2010,"1,89,500",38500,Diesel
155,Fiat Punto Emotion,Fiat,2012,"1,69,500",37200,Diesel
156,Maruti Suzuki Swift,Maruti,2010,"1,59,500",43200,Diesel
157,Toyota Etios GD,Toyota,2013,"2,75,000",24800,Petrol
158,Hyundai i20 Sportz,Hyundai,2014,"3,70,000",60000,Diesel
159,Hyundai i10 Sportz,Hyundai,2010,"1,68,000",45872,Petrol
160,Chevrolet Beat LT,Chevrolet,2011,"1,50,000",40000,Diesel
161,Chevrolet Beat LS,Chevrolet,2011,"1,45,000",45000,Diesel
162,Chevrolet Beat LT,Chevrolet,2012,"98,500",38000,Diesel
163,Mahindra Scorpio VLX,Mahindra,2014,"6,99,000",50000,Diesel
164,Tata Indigo CS,Tata,2011,"85,000",11400,Diesel
165,Toyota Corolla Altis,Toyota,2015,"5,75,000",42000,Petrol
166,Honda City 1.5,Honda,2014,"5,49,000",39000,Petrol
167,Maruti Suzuki Swift,Maruti,2011,"2,09,000",47000,Diesel
168,Hyundai Eon Era,Hyundai,2013,"1,85,000",27000,Petrol
169,Mahindra Scorpio S10,Mahindra,2015,"9,00,000",97200,Diesel
170,Mahindra XUV500,Mahindra,2014,"6,99,999",52000,Diesel
171,Honda Brio,Honda,2012,"2,24,999",30000,Petrol
172,Ford Fiesta,Ford,2011,"2,74,999",55000,Diesel
173,Honda Amaze,Honda,2013,"2,84,999",46000,Diesel
174,Honda City,Honda,2015,"5,99,999",30000,Diesel
175,Maruti Suzuki Wagon,Maruti,2012,"1,99,999",44000,Petrol
176,Honda City,Honda,2014,"5,44,999",45000,Diesel
177,Hyundai i20,Hyundai,2009,"1,99,000",31000,Petrol
178,Tata Indigo eCS,Tata,2016,"3,20,000",175430,Diesel
179,Hyundai Fluidic Verna,Hyundai,2015,"5,40,000",38000,Diesel
180,Mahindra Quanto C8,Mahindra,2013,"3,40,000",37000,Diesel
181,Fiat Petra ELX,Fiat,2008,"75,000",65000,Petrol
182,Skoda Fabia 1.2L,Skoda,2011,"1,59,500",38200,Diesel
183,Mini Cooper S,Mini,2013,"18,91,111",13000,Petrol
184,Hyundai Santro Xing,Hyundai,2005,"49,000",7500,Petrol
185,Maruti Suzuki Ciaz,Maruti,2016,"7,00,000",3350,Petrol
186,Maruti Suzuki Zen,Maruti,2000,"55,000",60000,Petrol
187,Honda City,Honda,2015,"4,48,999",54000,Petrol
188,Hyundai Creta 1.6,Hyundai,2017,"8,95,000",32000,Petrol
189,Mahindra Scorpio SLX,Mahindra,2007,"3,55,000",75000,Diesel
190,Mahindra Scorpio SLE,Mahindra,2012,"5,65,000",62000,Diesel
191,Toyota Innova 2.5,Toyota,2006,"3,65,000",73000,Diesel
192,Maruti Suzuki Alto,Maruti,2011,"1,45,000",41000,Petrol
193,Maruti Suzuki Wagon,Maruti,2011,"2,10,000",35000,Petrol
194,Tata Nano Cx,Tata,2013,"40,000",2200,Petrol
195,Maruti Suzuki Alto,Maruti,2013,"1,25,000",39000,Petrol
196,Maruti Suzuki Wagon,Maruti,2009,"1,35,000",45000,Petrol
197,Maruti Suzuki Swift,Maruti,2006,"1,35,000",45000,Petrol
198,Tata Sumo Victa,Tata,2012,"2,85,000",65000,Diesel
199,Maruti Suzuki Wagon,Maruti,2010,"1,45,000",54870,Petrol
200,Maruti Suzuki Alto,Maruti,2010,"1,35,000",34580,Petrol
201,Volkswagen Passat Diesel,Volkswagen,2009,"4,50,000",97000,Diesel
202,Renault Scala RxL,Renault,2015,"3,75,000",25000,Diesel
203,Mahindra Quanto C8,Mahindra,2013,"3,75,000",20000,Diesel
204,Hyundai Grand i10,Hyundai,2014,"3,65,000",20000,Petrol
205,Hyundai i20 Active,Hyundai,2015,"5,00,000",18000,Petrol
206,Mahindra Xylo E4,Mahindra,2012,"4,00,000",35000,Diesel
207,Mahindra Jeep MM,Mahindra,2019,"3,90,000",60,Diesel
208,Renault Duster 110PS,Renault,2012,"5,01,000",35000,Diesel
209,Mahindra Bolero SLE,Mahindra,2013,"3,30,000",80200,Diesel
210,Force Motors Force,Force,2015,"5,80,000",3200,Diesel
211,Maruti Suzuki SX4,Maruti,2012,"2,65,000",46000,Diesel
212,Mahindra Jeep CL550,Mahindra,2019,"3,79,000",0,Diesel
213,Maruti Suzuki Alto,Maruti,2015,"2,19,000",5000,Petrol
214,Mahindra Jeep CL550,Mahindra,2018,"3,85,000",588,Diesel
215,Toyota Etios,Toyota,2011,"2,75,000",36000,Diesel
216,Volkswagen Polo,Volkswagen,2015,"3,30,000",38000,Diesel
217,Honda City ZX,Honda,2008,"1,10,000",45000,Petrol
218,Maruti Suzuki Wagon,Maruti,2006,"80,000",71200,Petrol
219,Honda City VX,Honda,2016,"5,19,000",52000,Diesel
220,Mahindra Thar CRDe,Mahindra,2016,"7,30,000",29000,Diesel
221,Mitsubishi Pajero Sport,Mitsubishi,2015,"14,75,000",47000,Diesel
222,Audi A4 1.8,Audi,2009,"6,99,000",47000,Petrol
223,Mercedes Benz GLA,Mercedes,2015,"20,00,000",20000,Diesel
224,Land Rover Freelander,Land,2015,"21,00,000",30000,Diesel
225,Renault Kwid RXT,Renault,2017,"3,40,000",5000,Petrol
226,Tata Aria Pleasure,Tata,2014,"3,90,000",35000,Diesel
227,Mercedes Benz B,Mercedes,2014,"14,00,000",31000,Petrol
228,Datsun GO T,Datsun,2016,"2,45,000",7000,Petrol
229,Tata Indigo eCS,Tata,2016,"3,20,000",175430,Diesel
230,Tata Indigo eCS,Tata,2016,"3,20,000",175400,Diesel
231,Honda Jazz VX,Honda,2016,"4,50,000",41000,Petrol
232,Honda Amaze 1.2,Honda,2014,"3,11,000",33000,Petrol
233,Honda Amaze,Honda,2013,"2,84,999",46000,Diesel
234,Honda City,Honda,2012,"3,99,999",45000,Petrol
235,Honda City,Honda,2015,"5,99,999",39000,Diesel
236,Honda Amaze,Honda,2015,"3,44,999",22000,Petrol
237,Audi A4 1.8,Audi,2009,"6,99,000",47000,Petrol
238,Force Motors Force,Force,2015,"5,80,000",3200,Diesel
239,Mahindra Scorpio S4,Mahindra,2015,"8,55,000",30000,Diesel
240,Hyundai i20 Active,Hyundai,2015,"5,35,000",37000,Diesel
241,Mini Cooper S,Mini,2013,"18,91,111",13000,Petrol
242,Maruti Suzuki Ciaz,Maruti,2017,"6,99,000",14000,Petrol
243,Chevrolet Tavera Neo,Chevrolet,2013,"3,75,000",55000,Diesel
244,Honda Amaze,Honda,2013,"2,84,999",46000,Diesel
245,Hyundai Eon Sportz,Hyundai,2012,"1,78,000",30000,Petrol
246,Tata Sumo Gold,Tata,2013,"3,00,000",50000,Diesel
247,Maruti Suzuki Wagon,Maruti,2003,"90,000",45000,Petrol
248,Maruti Suzuki Esteem,Maruti,2006,"95,000",45000,Petrol
249,Maruti Suzuki Eeco,Maruti,2015,"2,55,000",9300,Petrol
250,Chevrolet Enjoy 1.4,Chevrolet,2013,"2,45,000",55000,Diesel
251,Hyundai i20 Asta,Hyundai,2012,"3,29,500",36200,Diesel
252,Ford Figo Diesel,Ford,2014,"1,95,000",50000,Diesel
253,Maruti Suzuki Eeco,Maruti,2015,"2,51,111",55000,Petrol
254,Maruti Suzuki Ertiga,Maruti,2014,"5,69,999",45000,Petrol
255,Maruti Suzuki Esteem,Maruti,2007,"69,999",51000,Petrol
256,Maruti Suzuki Ritz,Maruti,2014,"2,99,999",19000,Petrol
257,Maruti Suzuki Dzire,Maruti,2009,"2,20,000",46000,Petrol
258,Maruti Suzuki Ritz,Maruti,2013,"3,99,999",33000,Diesel
259,Maruti Suzuki SX4,Maruti,2010,"2,49,999",36000,Petrol
260,Maruti Suzuki Wagon,Maruti,2015,"2,89,999",22000,Petrol
261,Mini Cooper S,Mini,2013,"18,91,111",13500,Petrol
262,Nissan Terrano XL,Nissan,2015,"4,99,999",60000,Diesel
263,Renault Duster 85,Renault,2013,"4,89,999",27000,Diesel
264,Renault Duster 85,Renault,2014,"4,89,999",59000,Diesel
265,Renault Duster 85,Renault,2015,"5,49,999",19000,Diesel
266,Maruti Suzuki Dzire,Maruti,2013,"3,80,000",30000,Petrol
267,Renault Kwid RXT,Renault,2018,"3,25,000",15000,Petrol
268,Maruti Suzuki Maruti,Maruti,2003,"57,000",56758,Petrol
269,Renault Kwid 1.0,Renault,2018,"3,49,999",10000,Petrol
270,Renault Lodgy 85,Renault,2018,"6,89,999",20000,Diesel
271,Renault Scala RxL,Renault,2014,"3,49,999",49000,Diesel
272,Hyundai Grand i10,Hyundai,2014,"4,10,000",41000,Petrol
273,Maruti Suzuki Swift,Maruti,2011,"2,25,000",45000,Petrol
274,Chevrolet Beat LS,Chevrolet,2010,"1,20,000",43000,Petrol
275,Tata Indigo eCS,Tata,2016,"3,20,000",175430,Diesel
276,Hyundai Santro Xing,Hyundai,2000,"59,000",56450,Petrol
277,Hyundai Fluidic Verna,Hyundai,2015,"5,40,000",38000,Diesel
278,Chevrolet Beat LS,Chevrolet,2010,"80,000",56000,Petrol
279,Mahindra Quanto C8,Mahindra,2013,"3,40,000",37000,Diesel
280,Fiat Petra ELX,Fiat,2008,"75,000",65000,Petrol
281,Chevrolet Beat LS,Chevrolet,2015,"2,20,000",32700,Petrol
282,Skoda Fabia 1.2L,Skoda,2011,"1,59,500",38200,Diesel
283,Ford EcoSport Titanium,Ford,2016,"5,99,000",30000,Diesel
284,Hyundai Accent GLX,Hyundai,2006,"80,000",56000,Petrol
285,Mahindra TUV300 T4,Mahindra,2016,"6,75,000",9000,Diesel
286,Mini Cooper S,Mini,2013,"18,91,111",13000,Petrol
287,Mini Cooper S,Mini,2013,"18,91,111",13000,Petrol
288,Tata Indica V2,Tata,2008,"1,50,000",11000,Petrol
289,Mini Cooper S,Mini,2013,"18,91,111",13000,Petrol
290,Tata Indigo CS,Tata,2009,"72,500",46000,Diesel
291,Maruti Suzuki Swift,Maruti,2019,"6,10,000",73,Petrol
292,Mahindra Scorpio VLX,Mahindra,2004,"2,30,000",160000,Diesel
293,Honda Accord,Honda,2009,"1,75,000",58559,Petrol
294,Mahindra Scorpio S4,Mahindra,2015,"8,55,000",30000,Diesel
295,Chevrolet Tavera Neo,Chevrolet,2013,"3,75,000",55000,Diesel
296,Ford EcoSport Titanium,Ford,2014,"5,20,000",57000,Diesel
297,Maruti Suzuki Ertiga,Maruti,2015,"5,24,999",50000,Diesel
298,Honda Amaze,Honda,2014,"2,99,999",37000,Petrol
299,Maruti Suzuki Dzire,Maruti,2012,"2,99,999",40000,Petrol
300,Honda City,Honda,2011,"2,84,999",55000,Petrol
301,Mahindra Scorpio 2.6,Mahindra,2007,"2,20,000",170000,Diesel
302,Maruti Suzuki Dzire,Maruti,2014,"4,24,999",55000,Diesel
303,Honda City,Honda,2015,"6,44,999",39000,Petrol
304,Honda Mobilio,Honda,2014,"3,99,999",44000,Petrol
305,Toyota Corolla Altis,Toyota,2009,"1,99,999",65000,Petrol
306,Honda City,Honda,2014,"5,84,999",39000,Petrol
307,Skoda Laura,Skoda,2012,"3,49,999",44000,Diesel
308,Renault Duster,Renault,2015,"4,49,999",49000,Diesel
309,Maruti Suzuki Ertiga,Maruti,2018,"7,99,999",9000,Diesel
310,Maruti Suzuki Dzire,Maruti,2015,"4,44,999",45000,Diesel
311,Mahindra XUV500,Mahindra,2014,"6,49,999",47000,Diesel
312,Hyundai Verna Fluidic,Hyundai,2012,"4,44,999",40000,Diesel
313,Maruti Suzuki Vitara,Maruti,2016,"6,89,999",29000,Diesel
314,Maruti Suzuki Wagon,Maruti,2016,"3,44,999",15000,Petrol
315,Mahindra Scorpio,Mahindra,2015,"9,44,999",45000,Diesel
316,Honda Amaze,Honda,2014,"2,74,999",35000,Petrol
317,Mahindra XUV500,Mahindra,2013,"6,89,999",80000,Diesel
318,Mahindra Scorpio,Mahindra,2013,"5,74,999",68000,Diesel
319,Skoda Laura,Skoda,2013,"3,74,999",50000,Diesel
320,Volkswagen Polo,Volkswagen,2010,"1,99,999",60000,Diesel
321,Hyundai Elite i20,Hyundai,2016,"5,49,999",9000,Petrol
322,Tata Manza Aura,Tata,2012,"1,30,000",72000,Diesel
323,Chevrolet Sail UVA,Chevrolet,2013,"2,10,000",60000,Petrol
324,Renault Duster 110,Renault,2012,"5,01,000",38000,Diesel
325,Hyundai Verna Fluidic,Hyundai,2013,"4,01,000",45000,Diesel
326,Audi A4 2.0,Audi,2012,"13,50,000",40000,Diesel
327,Hyundai Elantra SX,Hyundai,2013,"6,00,000",20000,Petrol
328,Mahindra Scorpio VLX,Mahindra,2013,"6,10,000",35000,Diesel
329,Mahindra KUV100 K8,Mahindra,2016,"4,00,000",20000,Diesel
330,Renault Scala RxL,Renault,2015,"3,75,000",25000,Diesel
331,Mahindra Quanto C8,Mahindra,2013,"3,75,000",20000,Diesel
332,Hyundai Grand i10,Hyundai,2014,"3,65,000",20000,Petrol
333,Hyundai i20 Active,Hyundai,2015,"5,00,000",18000,Petrol
334,Mahindra Xylo E4,Mahindra,2012,"4,00,000",35000,Diesel
335,Hyundai Grand i10,Hyundai,2017,"5,24,999",6821,Petrol
336,Hyundai i20,Hyundai,2014,"4,49,999",23000,Petrol
337,Hyundai Eon,Hyundai,2014,"1,74,999",14000,Petrol
338,Hyundai i10,Hyundai,2012,"2,44,999",38000,Petrol
339,Hyundai i20 Active,Hyundai,2015,"5,74,999",35000,Diesel
340,Datsun Redi GO,Datsun,2017,"2,44,999",22000,Petrol
341,Toyota Etios Liva,Toyota,2011,"2,39,999",41000,Petrol
342,Hyundai Accent,Hyundai,2010,"99,999",45000,Petrol
343,Hyundai Verna,Hyundai,2014,"4,89,999",44000,Diesel
344,Maruti Suzuki Swift,Maruti,2013,"3,24,999",45000,Diesel
345,Toyota Fortuner,Toyota,2011,"10,74,999",52000,Diesel
346,Hyundai i10 Sportz,Hyundai,2012,"2,30,000",34000,Petrol
347,Mahindra Bolero Power,Mahindra,2018,"6,99,000",1800,Diesel
348,Mahindra XUV500,Mahindra,2015,"10,00,000",15000,Diesel
349,Honda City 1.5,Honda,2010,"2,40,000",400000,Petrol
350,Chevrolet Spark LT,Chevrolet,2009,"1,10,000",44000,Petrol
351,Mahindra Jeep MM,Mahindra,2019,"3,90,000",60,Diesel
352,Renault Duster 110PS,Renault,2012,"5,01,000",35000,Diesel
353,Mahindra XUV500,Mahindra,2016,"11,30,000",72000,Diesel
354,Tata Indigo eCS,Tata,2014,"2,50,000",40000,Diesel
355,Mahindra Bolero SLE,Mahindra,2013,"3,30,000",80200,Diesel
356,Force Motors Force,Force,2015,"5,80,000",3200,Diesel
357,Skoda Rapid Elegance,Skoda,2013,"3,40,000",48000,Diesel
358,Tata Vista Quadrajet,Tata,2011,"1,20,000",90000,Diesel
359,Maruti Suzuki Alto,Maruti,2015,"2,65,000",12000,Petrol
360,Maruti Suzuki SX4,Maruti,2012,"2,65,000",46000,Diesel
361,Maruti Suzuki Zen,Maruti,2003,"85,000",69900,Petrol
362,Mahindra Jeep CL550,Mahindra,2019,"3,79,000",0,Diesel
363,Hyundai i10 Magna,Hyundai,2011,"1,75,000",45000,Petrol
364,Maruti Suzuki Alto,Maruti,2015,"2,19,000",5000,Petrol
365,Maruti Suzuki Swift,Maruti,2016,"3,50,000",166000,Diesel
366,Honda City ZX,Honda,2008,"1,49,000",42000,Petrol
367,Mahindra Jeep CL550,Mahindra,2018,"3,85,000",588,Diesel
368,Mahindra Jeep MM,Mahindra,2006,"4,25,000",122,Diesel
369,Chevrolet Beat Diesel,Chevrolet,2017,"1,50,000",62000,Diesel
370,Honda City 1.5,Honda,2010,"2,25,000",70000,Petrol
371,Hyundai Verna 1.4,Hyundai,2014,"3,75,000",36000,Petrol
372,Toyota Innova 2.5,Toyota,2012,"7,70,000",0,Diesel
373,Maruti Suzuki Maruti,Maruti,1995,"30,000",55000,Petrol
374,Toyota Etios,Toyota,2011,"2,75,000",36000,Diesel
375,Volkswagen Polo,Volkswagen,2015,"3,30,000",38000,Diesel
376,Maruti Suzuki Swift,Maruti,2014,"3,35,000",55000,Diesel
377,Hyundai Elite i20,Hyundai,2015,"4,50,000",20000,Diesel
378,Maruti Suzuki Swift,Maruti,2012,"2,25,000",40000,Petrol
379,Maruti Suzuki Versa,Maruti,2004,"80,000",50000,Petrol
380,Tata Indigo LX,Tata,2016,"1,30,000",104000,Diesel
381,Volkswagen Vento Konekt,Volkswagen,2011,"2,45,000",65000,Diesel
382,Mercedes Benz C,Mercedes,2002,"3,99,000",41000,Petrol
383,Maruti Suzuki Ertiga,Maruti,2013,"4,50,000",90000,Diesel
384,Honda City,Honda,2000,"65,000",80000,Petrol
385,Hyundai Santro Xing,Hyundai,2006,"75,000",46000,Petrol
386,Maruti Suzuki Omni,Maruti,2001,"70,000",70000,Petrol
387,Hyundai Sonata Transform,Hyundai,2017,"1,90,000",36469,Diesel
388,Hyundai Elite i20,Hyundai,2018,"6,00,000",7800,Petrol
389,Volkswagen Vento Konekt,Volkswagen,2011,"2,45,000",65000,Diesel
390,Maruti Suzuki Alto,Maruti,2017,"2,40,000",60000,Petrol
391,Maruti Suzuki Alto,Maruti,2011,"1,55,000",32000,Petrol
392,Honda Jazz S,Honda,2009,"1,69,999",24695,Petrol
393,Hyundai Grand i10,Hyundai,2017,"4,50,000",15141,Petrol
394,Maruti Suzuki Zen,Maruti,2001,"40,000",40000,Petrol
395,Mahindra Scorpio W,Mahindra,2012,"1,65,000",65000,Diesel
396,Maruti Suzuki Alto,Maruti,2014,"2,70,000",22000,Petrol
397,Hyundai Grand i10,Hyundai,2016,"2,80,000",59910,Diesel
398,Mahindra XUV500 W8,Mahindra,2012,"5,60,000",100000,Diesel
399,Hyundai Creta 1.6,Hyundai,2016,"9,50,000",25000,Petrol
400,Hyundai i20 Magna,Hyundai,2013,"3,10,000",35000,Petrol
401,Renault Duster 85,Renault,2015,"7,15,000",65000,Diesel
402,Hyundai Grand i10,Hyundai,2014,"3,40,000",35000,Petrol
403,Honda Brio V,Honda,2012,"2,35,000",33000,Petrol
404,Mahindra TUV300 T4,Mahindra,2017,"6,10,000",68000,Diesel
405,Chevrolet Spark LS,Chevrolet,2010,"95,000",23000,Petrol
406,Mahindra TUV300 T8,Mahindra,2018,"10,00,000",4500,Diesel
407,Maruti Suzuki Swift,Maruti,2015,"2,20,000",129000,Diesel
408,Nissan X Trail,Nissan,2019,"12,00,000",300,Diesel
409,Maruti Suzuki Alto,Maruti,2015,"2,30,000",5000,Petrol
410,Ford Ikon 1.3,Ford,2001,"45,000",65000,Petrol
411,Toyota Fortuner 3.0,Toyota,2010,"9,40,000",131000,Diesel
412,Tata Manza ELAN,Tata,2010,"1,55,555",111111,Petrol
413,Mercedes Benz A,Mercedes,2013,"15,00,000",14000,Petrol
414,Chevrolet Beat LS,Chevrolet,2016,"2,10,000",22000,Diesel
415,Ford EcoSport Trend,Ford,2013,"4,95,000",38000,Diesel
416,Tata Indigo LS,Tata,2016,"1,25,000",70000,Diesel
417,Hyundai i20 Magna,Hyundai,2010,"1,95,000",36000,Petrol
418,Volkswagen Vento Highline,Volkswagen,2015,"5,50,000",34000,Diesel
419,Renault Kwid RXT,Renault,2015,"2,70,000",43000,Petrol
420,Ford EcoSport Titanium,Ford,2014,"5,00,000",40000,Diesel
421,Honda Amaze 1.5,Honda,2016,"2,40,000",160000,Diesel
422,Hyundai Verna 1.6,Hyundai,2017,"8,00,000",12000,Petrol
423,BMW 5 Series,BMW,2011,"12,99,000",49000,Diesel
424,Skoda Superb 1.8,Skoda,2011,"5,30,000",68000,Petrol
425,Audi Q3 2.0,Audi,2013,"14,99,000",37000,Diesel
426,Mahindra Bolero DI,Mahindra,2012,"2,20,000",59466,Diesel
427,Mahindra Scorpio S10,Mahindra,2015,"9,00,000",97200,Diesel
428,Ford Figo Duratorq,Ford,2012,"2,50,000",99000,Diesel
429,Maruti Suzuki Wagon,Maruti,2018,"3,95,000",25500,Petrol
430,Mahindra Logan Diesel,Mahindra,2009,"1,30,000",66000,Petrol
431,Tata Nano GenX,Tata,2010,"32,000",44005,Petrol
432,Mahindra TUV300 T4,Mahindra,2016,"5,40,000",35000,Diesel
433,Mahindra TUV300 T4,Mahindra,2016,"5,40,000",35000,Diesel
434,Hyundai Elite i20,Hyundai,2015,"4,05,000",28000,Petrol
435,Hyundai Elite i20,Hyundai,2015,"4,00,000",30000,Petrol
436,Honda City SV,Honda,2017,"7,60,000",4000,Petrol
437,Maruti Suzuki Baleno,Maruti,2016,"5,00,000",28000,Petrol
438,Ford Figo Petrol,Ford,2011,"1,75,000",75000,Petrol
439,Mahindra Scorpio S10,Mahindra,2015,"9,00,000",97200,Diesel
440,Honda City,Honda,2017,"7,50,000",3000,Petrol
441,Hyundai Elite i20,Hyundai,2015,"4,19,000",20000,Petrol
442,Maruti Suzuki Versa,Maruti,2004,"90,000",50000,Petrol
443,Hyundai Eon Era,Hyundai,2018,"1,40,000",2110,Petrol
444,Mitsubishi Pajero Sport,Mitsubishi,2015,"15,40,000",43222,Petrol
445,Hyundai i10 Magna,Hyundai,2008,"2,75,000",100200,Petrol
446,Toyota Corolla H2,Toyota,2003,"1,50,000",100000,Petrol
447,Maruti Suzuki Swift,Maruti,2011,"2,30,000",65,Petrol
448,Tata Indigo CS,Tata,2015,"1,23,000",100000,Diesel
449,Mahindra Scorpio S10,Mahindra,2015,"9,00,000",97200,Diesel
450,Mahindra Scorpio S10,Mahindra,2015,"9,00,000",97200,Diesel
451,Hyundai Xcent Base,Hyundai,2016,"3,00,000",140000,Diesel
452,Honda City,Honda,2015,"4,99,999",55000,Petrol
453,Hyundai Accent Executive,Hyundai,2009,"1,65,000",48000,Petrol
454,Maruti Suzuki Baleno,Maruti,2016,"4,98,000",22000,Petrol
455,Tata Zest XE,Tata,2018,"4,80,000",103553,Diesel
456,Maruti Suzuki Dzire,Maruti,2017,"4,88,000",80000,Diesel
457,Tata Sumo Gold,Tata,2014,"2,50,000",99000,Diesel
458,Toyota Corolla Altis,Toyota,2010,"2,20,000",58000,Petrol
459,Maruti Suzuki Eeco,Maruti,2013,"2,90,000",70000,LPG
460,Toyota Fortuner 3.0,Toyota,2015,"15,25,000",120000,Diesel
461,Mahindra XUV500 W6,Mahindra,2013,"5,48,900",49800,Diesel
462,Tata Tigor Revotron,Tata,2019,"6,50,000",100,Diesel
463,Maruti Suzuki 800,Maruti,2001,"55,000",81876,Petrol
464,Maruti Suzuki Ertiga,Maruti,2015,"5,50,000",75000,Petrol
465,Maruti Suzuki Versa,Maruti,2004,"90,000",50000,Petrol
466,Honda Mobilio S,Honda,2014,"3,99,000",44000,Diesel
467,Maruti Suzuki Ertiga,Maruti,2016,"7,30,000",55000,Diesel
468,Maruti Suzuki Vitara,Maruti,2017,"7,25,000",36000,Diesel
469,Hyundai Verna 1.6,Hyundai,2016,"1,95,000",56000,Diesel
470,Maruti Suzuki Swift,Maruti,2007,"1,30,000",62000,Petrol
471,Toyota Fortuner 3.0,Toyota,2015,"15,25,000",120000,Diesel
472,Maruti Suzuki Omni,Maruti,2014,"1,90,000",6020,Petrol
473,Honda Amaze,Honda,2013,"2,50,000",55700,Diesel
474,Tata Indica,Tata,2005,"80,000",42000,Petrol
475,Hyundai Santro Xing,Hyundai,2003,"1,20,000",50000,Petrol
476,Maruti Suzuki Zen,Maruti,2010,"1,49,000",35000,Petrol
477,Maruti Suzuki Wagon,Maruti,2014,"2,50,000",18500,Petrol
478,Maruti Suzuki Wagon,Maruti,2007,"1,20,000",7000,Petrol
479,Honda Brio VX,Honda,2017,"4,50,000",11000,Petrol
480,Maruti Suzuki Zen,Maruti,2003,"99,999",53000,Petrol
481,Maruti Suzuki Zen,Maruti,2008,"1,35,000",23000,Petrol
482,Maruti Suzuki Wagon,Maruti,2016,"2,25,000",35500,Diesel
483,Maruti Suzuki Alto,Maruti,2010,"99,000",22134,Petrol
484,Renault Kwid RXT,Renault,2019,"3,70,000",1000,Petrol
485,Tata Nano Lx,Tata,2010,"52,000",9000,Petrol
486,Jaguar XE XE,Jaguar,2016,"28,00,000",8500,Petrol
487,Hyundai Eon Magna,Hyundai,2014,"1,90,000",35000,Petrol
488,Honda City 1.5,Honda,2014,"4,99,000",22000,Petrol
489,Hindustan Motors Ambassador,Hindustan,2002,"90,000",25000,Diesel
490,Maruti Suzuki Ritz,Maruti,2010,"1,49,000",40000,Petrol
491,Hyundai Grand i10,Hyundai,2017,"4,00,000",20000,Petrol
492,Hyundai Eon D,Hyundai,2016,"1,20,000",87000,Petrol
493,Maruti Suzuki Swift,Maruti,2015,"2,50,000",55000,Petrol
494,Maruti Suzuki Wagon,Maruti,2017,"3,75,000",23000,Petrol
495,Honda Amaze 1.2,Honda,2014,"3,81,000",6000,Petrol
496,Maruti Suzuki Estilo,Maruti,2013,"1,80,000",65000,Petrol
497,Maruti Suzuki Vitara,Maruti,2016,"5,80,000",25000,Diesel
498,Maruti Suzuki Eeco,Maruti,2015,"2,78,000",39000,Petrol
499,Hyundai Creta 1.6,Hyundai,2016,"10,00,000",8000,Petrol
500,Mahindra Scorpio Vlx,Mahindra,2013,"6,90,000",75000,Diesel
501,Maruti Suzuki Ertiga,Maruti,2012,"4,80,000",51000,Diesel
502,Mitsubishi Lancer 1.8,Mitsubishi,2006,"85,000",50000,Petrol
503,Maruti Suzuki Maruti,Maruti,2001,"40,000",75000,Petrol
504,Maruti Suzuki Alto,Maruti,2015,"90,000",55800,Petrol
505,Hyundai Grand i10,Hyundai,2015,"3,40,000",53000,Petrol
506,Hyundai Eon D,Hyundai,2018,"2,60,000",25000,Petrol
507,Ford Fiesta SXi,Ford,2009,"2,50,000",56400,Petrol
508,Maruti Suzuki Ritz,Maruti,2010,"1,80,000",72160,Diesel
509,Hyundai Verna Fluidic,Hyundai,2012,"3,50,000",10000,Diesel
510,Maruti Suzuki Wagon,Maruti,2006,"90,001",48000,Petrol
511,Maruti Suzuki Estilo,Maruti,2007,"1,15,000",36000,Petrol
512,Audi A6 2.0,Audi,2012,"15,99,000",11500,Diesel
513,Maruti Suzuki Wagon,Maruti,2003,"1,30,000",133000,Petrol
514,Maruti Suzuki Wagon,Maruti,2009,"1,59,000",27000,Petrol
515,Maruti Suzuki Wagon,Maruti,2009,"1,60,000",35000,Petrol
516,Maruti Suzuki Alto,Maruti,2010,"1,10,000",55000,Petrol
517,Maruti Suzuki Baleno,Maruti,2016,"4,25,000",40000,Petrol
518,Hyundai Verna 1.6,Hyundai,2019,"9,00,000",2000,Petrol
519,Maruti Suzuki Swift,Maruti,2009,"1,50,000",45000,Petrol
520,Hyundai Getz Prime,Hyundai,2009,"1,10,000",20000,Petrol
521,Hyundai Santro,Hyundai,2000,"51,999",88000,Petrol
522,Hyundai Getz Prime,Hyundai,2009,"1,15,000",20000,Petrol
523,Chevrolet Beat PS,Chevrolet,2012,"2,15,000",65422,Diesel
524,Ford EcoSport Trend,Ford,2017,"5,80,000",10000,Petrol
525,Maruti Suzuki Dzire,Maruti,2013,"3,80,000",35000,Petrol
526,Hyundai Fluidic Verna,Hyundai,2013,"3,50,000",117000,Diesel
527,Tata Indica V2,Tata,2005,"35,000",150000,Diesel
528,BMW X1 xDrive20d,BMW,2011,"11,50,000",72000,Diesel
529,Hyundai i20 Asta,Hyundai,2010,"3,00,000",10750,Petrol
530,Honda City 1.5,Honda,2009,"2,69,000",55000,Petrol
531,Tata Nano,Tata,2013,"60,000",6800,Petrol
532,Chevrolet Cruze LTZ,Chevrolet,2014,"4,00,000",41000,Diesel
533,Hyundai Verna Fluidic,Hyundai,2015,"4,30,000",73000,Diesel
534,Maruti Suzuki Swift,Maruti,2011,"1,40,000",65000,Diesel
535,Mahindra XUV500 W6,Mahindra,2014,"85,00,003",45000,Diesel
536,Mahindra XUV500 W10,Mahindra,2018,"12,99,000",40000,Diesel
537,Maruti Suzuki Alto,Maruti,2014,"1,99,000",37000,Petrol
538,Hyundai Accent GLE,Hyundai,2006,"90,000",55000,Petrol
539,Force Motors One,Force,2013,"5,50,000",140000,Diesel
540,Maruti Suzuki Alto,Maruti,2019,"2,65,000",9800,Petrol
541,Chevrolet Spark 1.0,Chevrolet,2011,"1,00,000",27000,Petrol
542,Hyundai i10,Hyundai,2009,"2,15,000",27000,Petrol
543,Toyota Etios Liva,Toyota,2012,"3,80,000",20000,Diesel
544,Renault Duster 85PS,Renault,2013,"4,01,919",57923,Diesel
545,Chevrolet Enjoy,Chevrolet,2014,"4,90,000",30201,Diesel
546,Maruti Suzuki Alto,Maruti,2017,"2,80,000",6200,Petrol
547,BMW 5 Series,BMW,2009,"6,50,000",37518,Petrol
548,Toyota Etios Liva,Toyota,2014,"1,60,000",24652,Petrol
549,Mahindra Jeep MM,Mahindra,2004,"4,24,000",383,Diesel
550,Chevrolet Beat LS,Chevrolet,2016,"2,25,000",95000,Diesel
551,Chevrolet Cruze LTZ,Chevrolet,2011,"3,50,000",35000,Diesel
552,Jeep Wrangler Unlimited,Jeep,2015,"9,50,000",3528,Diesel
553,Maruti Suzuki Ertiga,Maruti,2013,"4,85,000",52500,Diesel
554,Hyundai Verna VGT,Hyundai,2010,"2,05,000",47900,Diesel
555,Maruti Suzuki Omni,Maruti,2012,"1,60,000",14000,Petrol
556,Maruti Suzuki Celerio,Maruti,2018,"3,10,000",37000,Petrol
557,Tata Zest Quadrajet,Tata,2017,"1,80,000",90000,Diesel
558,Mahindra XUV500 W6,Mahindra,2013,"5,49,900",52800,Diesel
559,Tata Indigo CS,Tata,2016,"1,50,000",104000,Diesel
560,Hyundai i10 Era,Hyundai,2011,"1,75,000",30000,Petrol
561,Tata Indigo eCS,Tata,2014,"95,000",195000,Diesel
562,Tata Indigo LX,Tata,2016,"2,30,000",104000,Diesel
563,Tata Indigo eCS,Tata,2016,"2,30,000",104000,Diesel
564,Tata Indigo Marina,Tata,2004,"1,80,000",70000,Diesel
565,Hyundai Xcent SX,Hyundai,2015,"4,00,000",43000,Diesel
566,Hyundai Eon Magna,Hyundai,2013,"1,85,000",23000,Petrol
567,Renault Duster 85,Renault,2015,"3,85,000",51000,Diesel
568,Maruti Suzuki Alto,Maruti,2009,"90,000",62000,Petrol
569,Tata Nano LX,Tata,2010,"32,000",48008,Petrol
570,Renault Duster 110,Renault,2013,"4,35,000",39000,Diesel
571,Maruti Suzuki Wagon,Maruti,2010,"2,25,000",40000,Petrol
572,Maruti Suzuki Swift,Maruti,2006,"1,89,700",48247,Petrol
573,Maruti Suzuki Ertiga,Maruti,2012,"3,89,700",39000,Diesel
574,Maruti Suzuki Swift,Maruti,2014,"3,65,000",23000,Petrol
575,Maruti Suzuki Alto,Maruti,2017,"3,60,000",9400,Petrol
576,Hyundai i20 Magna,Hyundai,2010,"2,10,000",50000,Petrol
577,Hyundai i10 Magna,Hyundai,2009,"1,70,000",75000,Petrol
578,Tata Zest XE,Tata,2017,"3,80,000",70000,Diesel
579,Mahindra Xylo E8,Mahindra,2009,"2,95,000",64000,Diesel
580,Toyota Corolla Altis,Toyota,2010,"1,85,000",55000,Petrol
581,Tata Manza Aqua,Tata,2014,"1,60,000",200000,Diesel
582,Renault Kwid 1.0,Renault,2018,"2,90,000",2137,Petrol
583,Tata Venture EX,Tata,2013,"1,00,000",30000,Diesel
584,Maruti Suzuki Swift,Maruti,2014,"3,15,000",44000,Petrol
585,Skoda Octavia Classic,Skoda,2006,"1,14,990",65000,Diesel
586,Maruti Suzuki Omni,Maruti,2012,"1,20,000",160000,LPG
587,Chevrolet Beat Diesel,Chevrolet,2011,"1,25,000",56000,Diesel
588,Tata Sumo Gold,Tata,2012,"2,10,000",75000,Diesel
589,Hyundai Verna 1.6,Hyundai,2018,"8,55,000",42000,Diesel
590,Tata Sumo Gold,Tata,2012,"2,10,000",75000,Diesel
591,Mahindra Scorpio 2.6,Mahindra,2007,"2,60,000",56000,Diesel
592,Maruti Suzuki Zen,Maruti,2002,"95,000",10544,Petrol
593,Maruti Suzuki Swift,Maruti,2011,"2,55,000",64000,Petrol
594,Mahindra Scorpio SLX,Mahindra,2008,"3,00,000",70000,Diesel
595,Hyundai Grand i10,Hyundai,2014,"3,40,000",25000,Petrol
596,Hyundai Elite i20,Hyundai,2017,"5,50,000",15000,Petrol
597,Ford Ikon 1.6,Ford,2003,"60,000",50000,Petrol
598,Toyota Innova 2.5,Toyota,2011,"7,50,000",147000,Diesel
599,Nissan Sunny XL,Nissan,2011,"2,30,000",52000,Petrol
600,Chevrolet Beat LT,Chevrolet,2012,"1,30,000",90001,Diesel
601,Maruti Suzuki Alto,Maruti,2017,"2,70,000",21000,Petrol
602,Maruti Suzuki Swift,Maruti,2012,"2,80,000",48006,Diesel
603,Maruti Suzuki Swift,Maruti,2012,"2,80,000",48006,Diesel
604,Maruti Suzuki Swift,Maruti,2012,"2,80,000",48006,Diesel
605,Toyota Innova 2.0,Toyota,2012,"6,00,000",80000,Diesel
606,Maruti Suzuki Swift,Maruti,2010,"1,90,000",74000,Diesel
607,Hyundai Elite i20,Hyundai,2015,"5,00,000",22000,Petrol
608,Mahindra XUV500 W10,Mahindra,2016,"10,65,000",41000,Diesel
609,Volkswagen Polo Trendline,Volkswagen,2015,"3,50,000",25000,Diesel
610,Toyota Etios Liva,Toyota,2012,"3,50,000",85000,Diesel
611,Mahindra TUV300 T4,Mahindra,2016,"5,40,000",29500,Diesel
612,Hyundai Elite i20,Hyundai,2015,"4,70,000",30000,Petrol
613,Hyundai Santro Xing,Hyundai,2014,"1,79,000",57000,Petrol
614,Maruti Suzuki Zen,Maruti,2003,"48,000",60000,Petrol
615,Maruti Suzuki Ciaz,Maruti,2016,"6,50,000",50000,Petrol
616,Hyundai Eon Era,Hyundai,2013,"1,90,000",39700,Petrol
617,Hyundai Elantra 1.8,Hyundai,2012,"5,00,000",65000,Petrol
618,Maruti Suzuki Swift,Maruti,2010,"2,70,000",67000,Diesel
619,Maruti Suzuki Zen,Maruti,2008,"1,25,000",46000,Petrol
620,Hyundai Eon Era,Hyundai,2012,"1,88,000",38000,Petrol
621,Hyundai Grand i10,Hyundai,2016,"3,80,000",27000,Petrol
622,Hyundai Verna Fluidic,Hyundai,2011,"3,65,000",43000,Diesel
623,Ford EcoSport Trend,Ford,2014,"4,65,000",47000,Petrol
624,Hyundai i20 Magna,Hyundai,2011,"2,40,000",42000,Petrol
625,Chevrolet Beat Diesel,Chevrolet,2016,"1,79,999",19336,Diesel
626,Tata Indica eV2,Tata,2015,"1,40,000",60105,Diesel
627,Jaguar XF 2.2,Jaguar,2013,"21,90,000",29000,Diesel
628,Audi Q5 2.0,Audi,2014,"23,90,000",34000,Diesel
629,BMW 3 Series,BMW,2011,"10,75,000",35000,Diesel
630,Maruti Suzuki Swift,Maruti,2015,"4,75,000",22000,Petrol
631,BMW X1 sDrive20d,BMW,2012,"10,25,000",41000,Diesel
632,Maruti Suzuki S,Maruti,2016,"6,15,000",21000,Diesel
633,Maruti Suzuki Ertiga,Maruti,2013,"4,75,000",48000,Diesel
634,Maruti Suzuki Alto,Maruti,2016,"2,70,000",38000,Petrol
635,Honda City SV,Honda,2014,"4,75,000",34000,Diesel
636,Volkswagen Vento Comfortline,Volkswagen,2011,"2,40,000",45933,Petrol
637,Honda City 1.5,Honda,2005,"1,20,000",68000,Petrol
638,Audi A4 2.0,Audi,2016,"19,00,000",44000,Diesel
639,Mahindra KUV100,Mahindra,2017,"3,60,000",35000,Diesel
640,Tata Zest XE,Tata,2018,"4,50,000",102563,Diesel
641,Mahindra XUV500 W8,Mahindra,2015,"9,00,000",28600,Diesel
642,Maruti Suzuki Swift,Maruti,2017,"6,50,000",41800,Diesel
643,Tata Sumo Gold,Tata,2014,"2,75,000",116000,Diesel
644,Maruti Suzuki Swift,Maruti,2009,"2,10,000",59000,Petrol
645,Mahindra Scorpio 2.6,Mahindra,2004,"1,75,000",58000,Diesel
646,Maruti Suzuki Omni,Maruti,2009,"85,000",45000,Petrol
647,Mitsubishi Pajero Sport,Mitsubishi,2015,"14,90,000",42590,Diesel
648,Renault Duster,Renault,2014,"8,00,000",7400,Diesel
649,Volkswagen Jetta Comfortline,Volkswagen,2009,"4,50,000",54500,Diesel
650,Maruti Suzuki Ertiga,Maruti,2012,"10,00,000",200000,Diesel
651,Audi A4 2.0,Audi,2013,"15,10,000",27000,Diesel
652,Volvo S80 Summum,Volvo,2015,"18,50,000",42000,Diesel
653,Toyota Corolla Altis,Toyota,2014,"7,90,000",29000,Petrol
654,Mitsubishi Pajero Sport,Mitsubishi,2015,"17,25,000",37000,Diesel
655,Chevrolet Beat LT,Chevrolet,2012,"1,35,000",36000,Petrol
656,BMW X1,BMW,2011,"10,00,000",34000,Diesel
657,Datsun Redi GO,Datsun,2018,"2,99,999",7000,Petrol
658,Mercedes Benz C,Mercedes,2009,"12,25,000",76000,Diesel
659,Mahindra Scorpio SLX,Mahindra,2004,"1,75,000",60000,Diesel
660,Volkswagen Vento Comfortline,Volkswagen,2011,"2,00,000",95000,Diesel
661,Tata Indigo CS,Tata,2017,"2,70,000",50000,Diesel
662,Ford Figo Petrol,Ford,2019,"5,25,000",0,Petrol
663,Honda City ZX,Honda,2006,"1,80,000",50000,Petrol
664,Maruti Suzuki Wagon,Maruti,2008,"1,40,000",68000,Petrol
665,Ford EcoSport Trend,Ford,2014,"4,00,000",16000,Petrol
666,Maruti Suzuki Swift,Maruti,2016,"4,99,000",51000,Diesel
667,Maruti Suzuki Omni,Maruti,2009,"85,000",56000,Petrol
668,Maruti Suzuki Zen,Maruti,2004,"70,000",100000,Petrol
669,Renault Duster RxL,Renault,2015,"5,50,000",36000,Petrol
670,Maruti Suzuki Swift,Maruti,2014,"3,70,000",11523,Petrol
671,Maruti Suzuki Baleno,Maruti,2018,"6,90,000",1000,Petrol
672,Honda WR V,Honda,2009,"2,50,000",60000,Petrol
673,Tata Indigo CS,Tata,2016,"1,10,000",85000,Diesel
674,Renault Duster 110,Renault,2013,"4,90,000",38600,Diesel
675,Mahindra Scorpio LX,Mahindra,2009,"3,20,000",95500,Diesel
676,Maruti Suzuki Zen,Maruti,2004,"68,000",56000,Petrol
677,Maruti Suzuki Wagon,Maruti,2014,"1,30,000",37458,Petrol
678,Maruti Suzuki SX4,Maruti,2016,"9,70,000",85960,Diesel
679,Audi A3 Cabriolet,Audi,2015,"31,00,000",12516,Petrol
680,Hyundai Eon D,Hyundai,2018,"2,80,000",35000,Petrol
681,Maruti Suzuki Zen,Maruti,2009,"1,25,000",0,Petrol
682,Mahindra Scorpio SLX,Mahindra,2008,"2,85,000",80000,Diesel
683,Hyundai Santro AE,Hyundai,2011,"1,65,000",45000,Petrol
684,Maruti Suzuki Swift,Maruti,2009,"2,50,000",51000,Diesel
685,Mahindra Scorpio S4,Mahindra,2015,"8,65,000",30000,Diesel
686,Mahindra Xylo D2,Mahindra,2011,"3,90,000",48000,Diesel
687,Hyundai Santro,Hyundai,2003,"60,000",51000,Petrol
688,Chevrolet Beat LT,Chevrolet,2015,"2,15,000",90000,Diesel
689,Maruti Suzuki Swift,Maruti,2015,"4,75,000",43000,Diesel
690,Mahindra XUV500 W8,Mahindra,2015,"8,99,000",53000,Diesel
691,Toyota Fortuner 3.0,Toyota,2013,"14,99,000",97000,Diesel
692,Maruti Suzuki Alto,Maruti,2013,"2,40,000",20000,Petrol
693,Hyundai Getz GLE,Hyundai,2007,"99,000",55000,Petrol
694,Maruti Suzuki Swift,Maruti,2014,"2,60,000",120000,Diesel
695,Hyundai Creta 1.6,Hyundai,2019,"12,00,000",0,Petrol
696,Hyundai Santro Xing,Hyundai,2007,"1,15,000",46000,Petrol
697,Hyundai Santro Xing,Hyundai,2009,"88,000",43200,Petrol
698,Mahindra Xylo D2,Mahindra,2011,"3,90,000",56000,Diesel
699,Hyundai Santro Xing,Hyundai,2007,"1,35,000",42000,Petrol
700,Tata Indica V2,Tata,2009,"90,000",30600,Diesel
701,Hyundai i10 Sportz,Hyundai,2011,"2,20,000",38000,Petrol
702,Hyundai Grand i10,Hyundai,2017,"4,24,999",2550,Petrol
703,Hyundai Santro Xing,Hyundai,2007,"1,35,000",47000,Petrol
704,Honda City 1.5,Honda,2005,"95,000",41000,Petrol
705,Nissan Micra XL,Nissan,2017,"4,30,000",62500,Diesel
706,Honda City 1.5,Honda,2005,"1,15,000",68000,Petrol
707,Maruti Suzuki Alto,Maruti,2015,"2,15,000",50000,Petrol
708,Maruti Suzuki Wagon,Maruti,2004,"53,000",69000,Petrol
709,Maruti Suzuki Ertiga,Maruti,2012,"5,00,000",48000,Diesel
710,Tata Indica eV2,Tata,2012,"85,000",55000,Diesel
711,Maruti Suzuki Omni,Maruti,2013,"1,65,000",25000,Petrol
712,Hyundai Eon Era,Hyundai,2014,"2,00,000",28400,Petrol
713,Hyundai Eon,Hyundai,2014,"2,00,000",28000,Petrol
714,Maruti Suzuki Swift,Maruti,2015,"4,25,000",42000,Diesel
715,Hyundai Verna 1.6,Hyundai,2012,"6,00,000",29000,Diesel
716,Chevrolet Tavera LS,Chevrolet,2005,"1,30,000",68485,Diesel
717,Tata Tiago Revotron,Tata,2018,"4,30,000",3500,Petrol
718,Tata Tiago Revotorq,Tata,2019,"5,68,500",0,Petrol
719,Maruti Suzuki Zen,Maruti,2006,"71,000",32000,Petrol
720,Mahindra KUV100 K8,Mahindra,2018,"5,60,000",8000,Diesel
721,Ford EcoSport Titanium,Ford,2014,"5,90,000",34000,Diesel
722,Hindustan Motors Ambassador,Hindustan,1995,"7,50,000",37000,Petrol
723,Ford Fusion 1.4,Ford,2007,"1,25,000",85455,Diesel
724,Hyundai Santro Xing,Hyundai,2007,"1,35,000",46000,Petrol
725,Hyundai Santro,Hyundai,2002,"60,000",47000,Petrol
726,Fiat Linea Emotion,Fiat,2009,"1,20,000",64000,Petrol
727,Ford Ikon 1.3,Ford,2008,"95,000",46000,Petrol
728,Maruti Suzuki Omni,Maruti,2017,"2,40,000",8000,Petrol
729,Tata Indica V2,Tata,2012,"1,15,000",64000,Diesel
730,Mahindra Scorpio S4,Mahindra,2015,"7,95,000",63000,Diesel
731,Hyundai Santro Xing,Hyundai,2007,"55,000",65000,Petrol
732,Mahindra Xylo D2,Mahindra,2009,"3,00,000",62000,Diesel
733,Hyundai Grand i10,Hyundai,2014,"3,20,000",41000,Petrol
734,Maruti Suzuki Alto,Maruti,2015,"2,65,000",14000,Petrol
735,Toyota Corolla,Toyota,2006,"1,60,000",40000,Petrol
736,Hyundai Eon Magna,Hyundai,2017,"3,00,000",1600,Petrol
737,Tata Sumo Grande,Tata,2010,"1,30,000",90000,Diesel
738,Maruti Suzuki Swift,Maruti,2011,"2,50,000",58000,Diesel
739,Volkswagen Polo Highline1.2L,Volkswagen,2013,"3,80,000",27000,Petrol
740,Maruti Suzuki Alto,Maruti,2003,"42,000",60000,Petrol
741,Tata Tiago Revotron,Tata,2017,"4,00,000",31000,Petrol
742,Maruti Suzuki Swift,Maruti,2009,"1,20,000",90000,Diesel
743,Maruti Suzuki Swift,Maruti,2009,"1,20,000",90000,Diesel
744,Tata Indigo eCS,Tata,2016,"1,30,000",150000,Diesel
745,Chevrolet Beat LS,Chevrolet,2014,"1,89,000",31000,Diesel
746,Mahindra Xylo E8,Mahindra,2011,"3,65,000",43000,Diesel
747,Hyundai Eon D,Hyundai,2013,"1,70,000",20000,Petrol
748,Tata Sumo Gold,Tata,2013,"2,15,000",100000,Petrol
749,Tata Nano,Tata,2013,"60,000",7000,Petrol
750,Hyundai Elite i20,Hyundai,2017,"5,99,999",31000,Petrol
751,Hyundai i10 Magna,Hyundai,2009,"4,00,000",33000,Petrol
752,Hyundai Creta,Hyundai,2016,"9,00,000",60000,Diesel
753,Volkswagen Polo,Volkswagen,2013,"2,99,999",48000,Diesel
754,Maruti Suzuki Dzire,Maruti,2014,"3,74,999",33000,Petrol
755,Tata Bolt XM,Tata,2015,"6,00,000",15000,Petrol
756,Maruti Suzuki Alto,Maruti,2005,"70,000",47000,Petrol
757,Maruti Suzuki Alto,Maruti,2005,"1,00,000",40000,Petrol
758,Maruti Suzuki Ritz,Maruti,2010,"1,50,000",38000,Diesel
759,Maruti Suzuki Alto,Maruti,2017,"2,25,000",12500,Petrol
760,Maruti Suzuki Dzire,Maruti,2009,"2,10,000",42000,Petrol
761,Hyundai i20 Asta,Hyundai,2014,"4,25,000",31000,Petrol
762,Maruti Suzuki Swift,Maruti,2008,"1,62,000",60000,Diesel
763,Tata Indica V2,Tata,2005,"60,000",80000,Diesel
764,Mahindra Scorpio VLX,Mahindra,2014,"6,50,000",77000,Diesel
765,Toyota Innova 2.5,Toyota,2012,"7,50,000",75000,Diesel
766,Mahindra Xylo E8,Mahindra,2010,"3,75,000",40000,Diesel
767,Hyundai i20 Magna,Hyundai,2011,"2,30,000",47000,Petrol
768,Maruti Suzuki Omni,Maruti,2000,"35,999",60000,Petrol
769,Mahindra KUV100,Mahindra,2016,"3,80,000",26500,Petrol
770,Mahindra KUV100 K8,Mahindra,2019,"5,60,000",2875,Petrol
771,Datsun Go Plus,Datsun,2016,"2,85,000",13900,Petrol
772,Ford Endeavor 4x4,Ford,2019,"29,00,000",9000,Diesel
773,Tata Indica V2,Tata,2005,"39,999",80000,Diesel
774,Hyundai Santro Xing,Hyundai,2006,"85,000",60000,Petrol
775,Maruti Suzuki Wagon,Maruti,2016,"3,95,000",20000,Petrol
776,Maruti Suzuki Swift,Maruti,2008,"1,75,000",58000,Diesel
777,Maruti Suzuki Alto,Maruti,2019,"4,00,000",1500,Petrol
778,Toyota Innova 2.5,Toyota,2011,"7,50,000",75000,Diesel
779,Maruti Suzuki Alto,Maruti,2016,"2,50,000",2450,Petrol
780,Maruti Suzuki Alto,Maruti,2019,"4,25,000",1625,Petrol
781,Volkswagen Polo Highline1.2L,Volkswagen,2017,"5,25,000",45000,Petrol
782,Mahindra Logan,Mahindra,2009,"1,30,000",65000,Diesel
783,Maruti Suzuki 800,Maruti,2000,"30,000",33400,Petrol
784,Mahindra Scorpio,Mahindra,2011,"4,75,000",60123,Diesel
785,Chevrolet Sail 1.2,Chevrolet,2013,"3,00,000",28000,Petrol
786,Hyundai Santro AE,Hyundai,2003,"60,000",70000,Petrol
787,Maruti Suzuki Wagon,Maruti,2006,"1,00,000",7000,Petrol
788,Hyundai Eon,Hyundai,2018,"2,60,000",25000,Petrol
789,Tata Manza,Tata,2015,"1,00,000",100000,Diesel
790,Toyota Etios G,Toyota,2013,"2,65,000",42000,Petrol
791,Hyundai Getz Prime,Hyundai,2009,"1,15,000",20000,Petrol
792,Toyota Qualis,Toyota,2003,"1,80,000",100000,Diesel
793,Hyundai Santro Xing,Hyundai,2004,"45,000",137495,Petrol
794,Tata Indica eV2,Tata,2016,"50,500",91200,Diesel
795,Honda City 1.5,Honda,2009,"2,70,000",55000,Petrol
796,Tata Zest XE,Tata,2017,"2,90,000",120000,Diesel
797,Mahindra Quanto C4,Mahindra,2013,"3,25,000",63000,Diesel
798,Tata Indigo eCS,Tata,2016,"1,60,000",104000,Diesel
799,Maruti Suzuki Swift,Maruti,2016,"3,50,000",146000,Diesel
800,Hyundai Elite i20,Hyundai,2011,"2,90,000",40000,Petrol
801,Hyundai i20 Select,Hyundai,2011,"2,90,000",40000,Petrol
802,Chevrolet Tavera Neo,Chevrolet,2007,"4,65,000",100800,Diesel
803,Maruti Suzuki Dzire,Maruti,2016,"3,25,000",150000,Diesel
804,Hyundai Elite i20,Hyundai,2018,"5,10,000",2100,Petrol
805,Honda City VX,Honda,2016,"8,60,000",95000,Petrol
806,Maruti Suzuki Dzire,Maruti,2016,"4,50,000",2500,Diesel
807,Hyundai Getz,Hyundai,2006,"1,25,000",80000,Petrol
808,Mercedes Benz C,Mercedes,2006,"5,00,001",15000,Petrol
809,Maruti Suzuki Alto,Maruti,2005,"95,000",65000,Petrol
810,Maruti Suzuki Swift,Maruti,2009,"2,50,000",51000,Diesel
811,Skoda Fabia,Skoda,2009,"1,10,000",45000,Petrol
812,Maruti Suzuki Ritz,Maruti,2011,"2,70,000",50000,Petrol
813,Tata Indica V2,Tata,2009,"1,10,000",30000,Diesel
814,Toyota Corolla Altis,Toyota,2009,"3,00,000",132000,Petrol
815,Tata Zest XM,Tata,2018,"2,60,000",27000,Diesel
816,Mahindra Quanto C8,Mahindra,2013,"3,90,000",40000,Diesel
